date,S&P500,VIX,SOFR
2025-05-06,5606.91,24.76,0.015
2025-05-05,5650.37,23.64,0.015
2025-05-02,5686.66,22.68,0.015
2025-05-01,5604.13,24.6,0.015
2025-04-30,5569.07,24.7,0.015
2025-04-29,5560.82,24.17,0.015
2025-04-28,5528.74,25.15,0.015
2025-04-25,5525.22,24.84,0.015
2025-04-24,5484.78,26.47,0.015
2025-04-23,5375.85,28.45,0.015
2025-04-22,5287.77,30.57,0.015
2025-04-21,5158.19,33.82,0.015
2025-04-17,5282.69,29.65,0.015
2025-04-16,5275.71,32.64,0.015
2025-04-15,5396.62,30.12,0.015
2025-04-14,5405.96,30.89,0.015
2025-04-11,5363.35,37.56,0.015
2025-04-10,5268.06,40.72,0.015
2025-04-09,5456.89,33.62,0.015
2025-04-08,4982.78,52.33,0.015
2025-04-07,5062.24,46.98,0.015
2025-04-04,5074.09,45.31,0.015
2025-04-03,5396.51,30.02,0.015
2025-04-02,5670.98,21.51,0.015
2025-04-01,5633.06,21.77,0.015
2025-03-31,5611.84,22.28,0.015
2025-03-28,5580.95,21.65,0.015
2025-03-27,5693.32,18.69,0.015
2025-03-26,5712.21,18.33,0.015
2025-03-25,5776.66,17.15,0.015
2025-03-24,5767.56,17.48,0.015
2025-03-21,5667.57,19.28,0.015
2025-03-20,5662.88,19.8,0.015
2025-03-19,5675.3,19.9,0.015
2025-03-18,5614.65,21.7,0.015
2025-03-17,5675.11,20.51,0.015
2025-03-14,5638.93,21.77,0.015
2025-03-13,5521.53,24.66,0.015
2025-03-12,5599.29,24.23,0.015
2025-03-11,5572.08,26.92,0.015
2025-03-10,5614.55,27.86,0.015
2025-03-07,5770.19,23.37,0.015
2025-03-06,5738.53,24.87,0.015
2025-03-05,5842.62,21.93,0.015
2025-03-04,5778.14,23.51,0.015
2025-03-03,5849.71,22.78,0.015
2025-02-28,5954.51,19.63,0.015
2025-02-27,5861.56,21.13,0.015
2025-02-26,5956.07,19.1,0.015
2025-02-25,5955.26,19.43,0.015
2025-02-24,5983.26,18.98,0.015
2025-02-21,6013.12,18.21,0.015
2025-02-20,6117.51,15.66,0.015
2025-02-19,6144.14,15.27,0.015
2025-02-18,6129.57,15.35,0.015
2025-02-14,6114.62,14.77,0.015
2025-02-13,6115.08,15.1,0.015
2025-02-12,6051.98,15.89,0.015
2025-02-11,6068.49,16.02,0.015
2025-02-10,6066.45,15.81,0.015
2025-02-07,6025.98,16.54,0.015
2025-02-06,6083.56,15.5,0.015
2025-02-05,6061.47,15.77,0.015
2025-02-04,6037.89,17.21,0.015
2025-02-03,5994.58,18.62,0.015
2025-01-31,6040.52,16.43,0.015
2025-01-30,6071.18,15.84,0.015
2025-01-29,6039.32,16.56,0.015
2025-01-28,6067.71,16.41,0.015
2025-01-27,6012.29,17.9,0.015
2025-01-24,6101.25,14.85,0.015
2025-01-23,6118.72,15.02,0.015
2025-01-22,6086.36,15.1,0.015
2025-01-21,6049.23,15.06,0.015
2025-01-17,5996.65,15.97,0.015
2025-01-16,5937.35,16.6,0.015
2025-01-15,5949.92,16.12,0.015
2025-01-14,5842.9,18.71,0.015
2025-01-13,5836.21,19.19,0.015
2025-01-10,5827.03,19.54,0.015
2025-01-08,5918.26,17.7,0.015
2025-01-07,5909.02,17.82,0.015
2025-01-06,5975.37,16.04,0.015
2025-01-03,5942.46,16.13,0.015
2025-01-02,5868.56,17.93,0.015
2024-12-31,5881.62,17.35,0.015
2024-12-30,5906.95,17.4,0.015
2024-12-27,5970.85,15.95,0.015
2024-12-26,6037.58,14.73,0.015
2024-12-24,6040.05,14.27,0.015
2024-12-23,5974.08,16.78,0.015
2024-12-20,5930.84,18.36,0.015
2024-12-19,5867.07,24.09,0.015
2024-12-18,5872.17,27.62,0.015
2024-12-17,6050.6,15.87,0.015
2024-12-16,6074.07,14.69,0.015
2024-12-13,6051.08,13.81,0.015
2024-12-12,6051.25,13.92,0.015
2024-12-11,6084.18,13.58,0.015
2024-12-10,6034.9,14.18,0.015
2024-12-09,6052.84,14.19,0.015
2024-12-06,6090.28,12.77,0.015
2024-12-05,6075.1,13.54,0.015
2024-12-04,6086.48,13.45,0.015
2024-12-03,6049.87,13.3,0.015
2024-12-02,6047.14,13.34,0.015
2024-11-29,6032.39,13.51,0.015
2024-11-27,5998.73,14.1,0.015
2024-11-26,6021.64,14.1,0.015
2024-11-25,5987.38,14.6,0.015
2024-11-22,5969.33,15.24,0.015
2024-11-21,5948.7,16.87,0.015
2024-11-20,5917.12,17.16,0.015
2024-11-19,5916.97,16.35,0.015
2024-11-18,5893.61,15.58,0.015
2024-11-15,5870.63,16.14,0.015
2024-11-14,5949.16,14.31,0.015
2024-11-13,5985.39,14.02,0.015
2024-11-12,5984.0,14.71,0.015
2024-11-11,6001.34,14.97,0.015
2024-11-08,5995.53,14.94,0.015
2024-11-07,5973.09,15.2,0.015
2024-11-06,5929.03,16.27,0.015
2024-11-05,5782.77,20.49,0.015
2024-11-04,5712.68,21.98,0.015
2024-11-01,5728.81,21.88,0.015
2024-10-31,5705.44,23.16,0.015
2024-10-30,5813.66,20.35,0.015
2024-10-29,5832.91,19.34,0.015
2024-10-28,5823.51,19.8,0.015
2024-10-25,5808.11,20.33,0.015
2024-10-24,5809.87,19.08,0.015
2024-10-23,5797.43,19.24,0.015
2024-10-22,5851.19,18.2,0.015
2024-10-21,5853.97,18.37,0.015
2024-10-18,5864.68,18.03,0.015
2024-10-17,5841.48,19.11,0.015
2024-10-16,5842.48,19.58,0.015
2024-10-15,5815.25,20.64,0.015
2024-10-14,5859.86,19.7,0.015
2024-10-11,5815.04,20.46,0.015
2024-10-10,5780.04,20.93,0.015
2024-10-09,5792.05,20.86,0.015
2024-10-08,5751.14,21.42,0.015
2024-10-07,5695.93,22.64,0.015
2024-10-04,5751.06,19.21,0.015
2024-10-03,5699.95,20.49,0.015
2024-10-02,5709.55,18.9,0.015
2024-10-01,5708.74,19.26,0.015
2024-09-30,5762.49,16.73,0.015
2024-09-27,5738.16,16.96,0.015
2024-09-26,5745.36,15.37,0.015
2024-09-25,5722.27,15.41,0.015
2024-09-24,5732.94,15.39,0.015
2024-09-23,5718.58,15.89,0.015
2024-09-20,5702.54,16.15,0.015
2024-09-19,5713.65,16.33,0.015
2024-09-18,5618.25,18.23,0.015
2024-09-17,5634.57,17.61,0.015
2024-09-16,5633.08,17.14,0.015
2024-09-13,5626.01,16.56,0.015
2024-09-12,5595.75,17.07,0.015
2024-09-11,5554.14,17.69,0.015
2024-09-10,5495.53,19.08,0.015
2024-09-09,5471.06,19.45,0.015
2024-09-06,5408.43,22.38,0.015
2024-09-05,5503.42,19.9,0.015
2024-09-04,5520.08,21.32,0.015
2024-09-03,5528.92,20.72,0.015
2024-08-30,5648.39,15.0,0.015
2024-08-29,5591.95,15.65,0.015
2024-08-28,5592.19,17.11,0.015
2024-08-27,5625.79,15.43,0.015
2024-08-26,5616.85,16.15,0.015
2024-08-23,5634.6,15.86,0.015
2024-08-22,5570.65,17.55,0.015
2024-08-21,5620.84,16.27,0.015
2024-08-20,5597.11,15.88,0.015
2024-08-19,5608.24,14.65,0.015
2024-08-16,5554.26,14.8,0.015
2024-08-15,5543.21,15.23,0.015
2024-08-14,5455.2,16.19,0.015
2024-08-13,5434.44,18.12,0.015
2024-08-12,5344.38,20.71,0.015
2024-08-09,5344.15,20.37,0.015
2024-08-08,5319.3,23.79,0.015
2024-08-07,5199.51,27.85,0.015
2024-08-06,5240.04,27.71,0.015
2024-08-05,5186.34,38.57,0.015
2024-08-02,5346.55,23.39,0.015
2024-08-01,5446.69,18.59,0.015
2024-07-31,5522.29,16.36,0.015
2024-07-30,5436.45,17.69,0.015
2024-07-29,5463.55,16.6,0.015
2024-07-26,5459.09,16.39,0.015
2024-07-25,5399.23,18.46,0.015
2024-07-24,5427.12,18.04,0.015
2024-07-23,5555.75,14.72,0.015
2024-07-22,5564.4,14.91,0.015
2024-07-19,5504.99,16.52,0.015
2024-07-18,5544.58,15.93,0.015
2024-07-17,5588.28,14.48,0.015
2024-07-16,5667.21,13.19,0.015
2024-07-15,5631.21,13.12,0.015
2024-07-12,5615.34,12.46,0.015
2024-07-11,5584.55,12.92,0.015
2024-07-10,5633.92,12.85,0.015
2024-07-09,5576.97,12.51,0.015
2024-07-08,5572.86,12.37,0.015
2024-07-05,5567.2,12.48,0.015
2024-07-03,5537.01,12.09,0.015
2024-07-02,5509.02,12.03,0.015
2024-07-01,5475.1,12.22,0.015
2024-06-28,5460.49,12.44,0.015
2024-06-27,5482.88,12.24,0.015
2024-06-26,5477.91,12.55,0.015
2024-06-25,5469.29,12.84,0.015
2024-06-24,5447.88,13.33,0.015
2024-06-21,5464.61,13.2,0.015
2024-06-20,5473.16,13.28,0.015
2024-06-18,5487.02,12.3,0.015
2024-06-17,5473.24,12.75,0.015
2024-06-14,5431.61,12.66,0.015
2024-06-13,5433.75,11.94,0.015
2024-06-12,5421.02,12.04,0.015
2024-06-11,5375.31,12.85,0.015
2024-06-10,5360.78,12.74,0.015
2024-06-07,5346.98,12.22,0.015
2024-06-06,5352.95,12.58,0.015
2024-06-05,5354.04,12.63,0.015
2024-06-04,5291.35,13.16,0.015
2024-06-03,5283.41,13.11,0.015
2024-05-31,5277.5,12.92,0.015
2024-05-30,5235.47,14.47,0.015
2024-05-29,5266.96,14.28,0.015
2024-05-28,5306.03,12.92,0.015
2024-05-24,5304.71,11.93,0.015
2024-05-23,5267.85,12.77,0.015
2024-05-22,5307.02,12.29,0.015
2024-05-21,5321.42,11.86,0.015
2024-05-20,5308.12,12.15,0.015
2024-05-17,5303.26,11.99,0.015
2024-05-16,5297.09,12.42,0.015
2024-05-15,5308.14,12.45,0.015
2024-05-14,5246.69,13.42,0.015
2024-05-13,5221.41,13.6,0.015
2024-05-10,5222.69,12.55,0.015
2024-05-09,5214.07,12.69,0.015
2024-05-08,5187.66,13.0,0.015
2024-05-07,5187.71,13.23,0.015
2024-05-06,5180.73,13.49,0.015
2024-05-03,5127.8,13.49,0.015
2024-05-02,5064.19,14.68,0.015
2024-05-01,5018.4,15.39,0.015
2024-04-30,5035.7,15.65,0.015
2024-04-29,5116.16,14.67,0.015
2024-04-26,5099.95,15.03,0.015
2024-04-25,5048.41,15.37,0.015
2024-04-24,5071.62,15.97,0.015
2024-04-23,5070.56,15.69,0.015
2024-04-22,5010.59,16.94,0.015
2024-04-19,4967.24,18.71,0.015
2024-04-18,5011.11,18.0,0.015
2024-04-17,5022.22,18.21,0.015
2024-04-16,5051.4,18.4,0.015
2024-04-15,5061.81,19.23,0.015
2024-04-12,5123.4,17.31,0.015
2024-04-11,5199.05,14.91,0.015
2024-04-10,5160.65,15.8,0.015
2024-04-09,5209.92,14.98,0.015
2024-04-08,5202.38,15.19,0.015
2024-04-05,5204.35,16.03,0.015
2024-04-04,5147.2,16.35,0.015
2024-04-03,5211.48,14.33,0.015
2024-04-02,5205.8,14.61,0.015
2024-04-01,5243.78,13.65,0.015
2024-03-28,5254.34,13.01,0.015
2024-03-27,5248.48,12.78,0.015
2024-03-26,5203.57,13.24,0.015
2024-03-25,5218.18,13.19,0.015
2024-03-22,5234.17,13.06,0.015
2024-03-21,5241.54,12.92,0.015
2024-03-20,5224.63,13.04,0.015
2024-03-19,5178.52,13.82,0.015
2024-03-18,5149.43,14.33,0.015
2024-03-15,5117.1,14.41,0.015
2024-03-14,5150.47,14.4,0.015
2024-03-13,5165.3,13.75,0.015
2024-03-12,5175.28,13.84,0.015
2024-03-11,5117.93,15.22,0.015
2024-03-08,5123.68,14.74,0.015
2024-03-07,5157.35,14.44,0.015
2024-03-06,5104.77,14.5,0.015
2024-03-05,5078.64,14.46,0.015
2024-03-04,5130.94,13.49,0.015
2024-03-01,5137.07,13.11,0.015
2024-02-29,5096.28,13.4,0.015
2024-02-28,5069.77,13.84,0.015
2024-02-27,5078.17,13.43,0.015
2024-02-26,5069.54,13.74,0.015
2024-02-23,5088.79,13.75,0.015
2024-02-22,5087.02,14.54,0.015
2024-02-21,4981.81,15.34,0.015
2024-02-20,4975.52,15.42,0.015
2024-02-16,5005.56,14.24,0.015
2024-02-15,5029.72,14.01,0.015
2024-02-14,5000.63,14.38,0.015
2024-02-13,4953.16,15.85,0.015
2024-02-12,5021.83,13.93,0.015
2024-02-09,5026.62,12.93,0.015
2024-02-08,4997.92,12.79,0.015
2024-02-07,4995.05,12.83,0.015
2024-02-06,4954.24,13.06,0.015
2024-02-05,4942.82,13.67,0.015
2024-02-02,4958.62,13.85,0.015
2024-02-01,4906.18,13.88,0.015
2024-01-31,4845.66,14.35,0.015
2024-01-30,4924.96,13.31,0.015
2024-01-29,4927.94,13.6,0.015
2024-01-26,4890.96,13.26,0.015
2024-01-25,4894.17,13.45,0.015
2024-01-24,4868.54,13.14,0.015
2024-01-23,4864.61,12.55,0.015
2024-01-22,4850.44,13.19,0.015
2024-01-19,4839.82,13.3,0.015
2024-01-18,4780.95,14.13,0.015
2024-01-17,4739.22,14.79,0.015
2024-01-16,4765.99,13.84,0.015
2024-01-12,4783.84,12.7,0.015
2024-01-11,4780.23,12.44,0.015
2024-01-10,4783.46,12.69,0.015
2024-01-09,4756.51,12.76,0.015
2024-01-08,4763.55,13.08,0.015
2024-01-05,4697.23,13.35,0.015
2024-01-04,4688.69,14.13,0.015
2024-01-03,4704.82,14.04,0.015
2024-01-02,4742.82,13.2,0.015
2023-12-29,4769.82,12.45,0.015
2023-12-28,4783.36,12.47,0.015
2023-12-27,4781.59,12.43,0.015
2023-12-26,4774.74,12.99,0.015
2023-12-22,4754.64,13.03,0.015
2023-12-21,4746.76,13.65,0.015
2023-12-20,4698.34,13.67,0.015
2023-12-19,4768.36,12.53,0.015
2023-12-18,4740.57,12.56,0.015
2023-12-15,4719.18,12.28,0.015
2023-12-14,4719.54,12.48,0.015
2023-12-13,4707.08,12.19,0.015
2023-12-12,4643.69,12.07,0.015
2023-12-11,4622.43,12.63,0.015
2023-12-08,4604.36,12.35,0.015
2023-12-07,4585.58,13.06,0.015
2023-12-06,4549.35,12.97,0.015
2023-12-05,4567.17,12.85,0.015
2023-12-04,4569.77,13.08,0.015
2023-12-01,4594.62988,12.63,0.015
2023-11-30,4567.7998,12.92,0.015
2023-11-29,4550.58008,12.98,0.015
2023-11-28,4554.89014,12.69,0.015
2023-11-27,4550.43018,12.69,0.015
2023-11-24,4559.33984,12.46,0.015
2023-11-22,4556.62012,12.85,0.015
2023-11-21,4538.18994,13.35,0.015
2023-11-20,4547.37988,13.41,0.015
2023-11-17,4514.02002,13.8,0.015
2023-11-16,4508.24023,14.32,0.015
2023-11-15,4502.87988,14.18,0.015
2023-11-14,4495.7002,14.16,0.015
2023-11-13,4411.5498,14.76,0.015
2023-11-10,4415.24023,14.17,0.015
2023-11-09,4347.3501,15.29,0.015
2023-11-08,4382.77979,14.45,0.015
2023-11-07,4378.37988,14.81,0.015
2023-11-06,4365.97998,14.89,0.015
2023-11-03,4358.33984,14.91,0.015
2023-11-02,4317.77979,15.66,0.015
2023-11-01,4237.85986,16.87,0.015
2023-10-31,4193.7998,18.14,0.015
2023-10-30,4166.81982,19.75,0.015
2023-10-27,4117.37012,21.27,0.015
2023-10-26,4137.22998,20.68,0.015
2023-10-25,4186.77002,20.19,0.015
2023-10-24,4247.68018,18.97,0.015
2023-10-23,4217.04004,20.37,0.015
2023-10-20,4224.16016,21.71,0.015
2023-10-19,4278.0,21.4,0.015
2023-10-18,4314.6001,19.22,0.015
2023-10-17,4373.2002,17.88,0.015
2023-10-16,4373.62988,17.21,0.015
2023-10-13,4327.77979,19.32,0.015
2023-10-12,4349.60986,16.69,0.015
2023-10-11,4376.9502,16.09,0.015
2023-10-10,4358.24023,17.03,0.015
2023-10-09,4335.66016,17.7,0.015
2023-10-06,4308.5,17.45,0.015
2023-10-05,4258.19,18.49,0.015
2023-10-04,4263.75,18.58,0.015
2023-10-03,4229.45,19.78,0.015
2023-10-02,4288.39,17.61,0.015
2023-09-29,4288.05,17.52,0.015
2023-09-28,4299.7,17.34,0.015
2023-09-27,4274.51,18.22,0.015
2023-09-26,4273.53,18.94,0.015
2023-09-25,4337.44,16.9,0.015
2023-09-22,4320.06,17.2,0.015
2023-09-21,4330.0,17.54,0.015
2023-09-20,4402.2,15.14,0.015
2023-09-19,4443.95,14.11,0.015
2023-09-18,4453.53,14.0,0.015
2023-09-15,4450.32,13.79,0.015
2023-09-14,4505.1,12.82,0.015
2023-09-13,4467.44,13.48,0.015
2023-09-12,4461.9,14.23,0.015
2023-09-11,4487.46,13.8,0.015
2023-09-08,4457.49,13.84,0.015
2023-09-07,4451.14,14.4,0.015
2023-09-06,4465.48,14.45,0.015
2023-09-05,4496.83,14.01,0.015
2023-09-01,4515.77,13.09,0.015
2023-08-31,4507.66,13.57,0.015
2023-08-30,4514.87,13.88,0.015
2023-08-29,4497.63,14.45,0.015
2023-08-28,4433.31,15.08,0.015
2023-08-25,4405.71,15.68,0.015
2023-08-24,4376.31,17.2,0.015
2023-08-23,4436.01,15.98,0.015
2023-08-22,4387.55,16.97,0.015
2023-08-21,4399.77,17.13,0.015
2023-08-18,4369.71,17.3,0.015
2023-08-17,4370.36,17.89,0.015
2023-08-16,4404.33,16.78,0.015
2023-08-15,4437.86,16.46,0.015
2023-08-14,4489.72,14.82,0.015
2023-08-11,4464.05,14.84,0.015
2023-08-10,4468.83,15.85,0.015
2023-08-09,4467.71,15.96,0.015
2023-08-08,4499.38,15.99,0.015
2023-08-07,4518.44,15.77,0.015
2023-08-04,4478.03,17.1,0.015
2023-08-03,4501.89,15.92,0.015
2023-08-02,4513.39,16.09,0.015
2023-08-01,4576.73,13.93,0.015
2023-07-31,4588.96,13.63,0.015
2023-07-28,4582.23,13.33,0.015
2023-07-27,4537.41,14.41,0.015
2023-07-26,4566.75,13.19,0.015
2023-07-25,4567.46,13.86,0.015
2023-07-24,4554.64,13.91,0.015
2023-07-21,4536.34,13.6,0.015
2023-07-20,4534.87,13.99,0.015
2023-07-19,4565.72,13.76,0.015
2023-07-18,4554.98,13.3,0.015
2023-07-17,4522.79,13.48,0.015
2023-07-14,4505.42,13.34,0.015
2023-07-13,4510.04,13.61,0.015
2023-07-12,4472.16,13.54,0.015
2023-07-11,4439.26,14.84,0.015
2023-07-10,4409.53,15.07,0.015
2023-07-07,4398.95,14.83,0.015
2023-07-06,4411.59,15.44,0.015
2023-07-05,4446.82,14.18,0.015
2023-07-03,4455.59,13.57,0.015
2023-06-30,4450.38,13.59,0.015
2023-06-29,4396.44,13.54,0.015
2023-06-28,4376.86,13.43,0.015
2023-06-27,4378.41,13.74,0.015
2023-06-26,4328.82,14.25,0.015
2023-06-23,4348.33,13.44,0.015
2023-06-22,4381.89,12.91,0.015
2023-06-21,4365.69,13.2,0.015
2023-06-20,4388.71,13.88,0.015
2023-06-16,4409.59,13.54,0.015
2023-06-15,4425.84,14.5,0.015
2023-06-14,4372.59,13.88,0.015
2023-06-13,4369.01,14.61,0.015
2023-06-12,4338.93,15.01,0.015
2023-06-09,4298.86,13.83,0.015
2023-06-08,4293.93,13.65,0.015
2023-06-07,4267.52,13.94,0.015
2023-06-06,4283.85,13.96,0.015
2023-06-05,4273.79,14.73,0.015
2023-06-02,4282.37,14.6,0.015
2023-06-01,4221.02,15.65,0.015
2023-05-31,4179.83,17.94,0.015
2023-05-30,4205.52,17.46,0.015
2023-05-26,4205.45,17.95,0.015
2023-05-25,4151.28,19.14,0.015
2023-05-24,4115.24,20.03,0.015
2023-05-23,4145.58,18.53,0.015
2023-05-22,4192.63,17.21,0.015
2023-05-19,4191.98,16.81,0.015
2023-05-18,4198.05,16.05,0.015
2023-05-17,4158.77,16.87,0.015
2023-05-16,4109.9,17.99,0.015
2023-05-15,4136.28,17.12,0.015
2023-05-12,4124.08,17.03,0.015
2023-05-11,4130.62,16.93,0.015
2023-05-10,4137.64,16.94,0.015
2023-05-09,4119.17,17.71,0.015
2023-05-08,4138.12,16.98,0.015
2023-05-05,4136.25,17.19,0.015
2023-05-04,4061.22,20.09,0.015
2023-05-03,4090.75,18.34,0.015
2023-05-02,4119.58,17.78,0.015
2023-05-01,4167.87,16.08,0.015
2023-04-28,4169.48,15.78,0.015
2023-04-27,4135.35,17.03,0.015
2023-04-26,4055.99,18.84,0.015
2023-04-25,4071.63,18.76,0.015
2023-04-24,4137.04,16.89,0.015
2023-04-21,4133.52,16.77,0.015
2023-04-20,4129.79,17.17,0.015
2023-04-19,4154.52,16.46,0.015
2023-04-18,4154.87,16.83,0.015
2023-04-17,4151.32,16.95,0.015
2023-04-14,4137.64,17.07,0.015
2023-04-13,4146.22,17.8,0.015
2023-04-12,4091.95,19.09,0.015
2023-04-11,4108.94,19.1,0.015
2023-04-10,4109.11,18.97,0.015
2023-04-06,4105.02,18.4,0.015
2023-04-05,4090.38,19.08,0.015
2023-04-04,4100.6,19.0,0.015
2023-04-03,4124.51,18.55,0.015
2023-03-31,4109.31,18.7,0.015
2023-03-30,4050.83,19.02,0.015
2023-03-29,4027.81,19.12,0.015
2023-03-28,3971.27,19.97,0.015
2023-03-27,3977.53,20.6,0.015
2023-03-24,3970.99,21.74,0.015
2023-03-23,3948.72,22.61,0.015
2023-03-22,3936.97,22.26,0.015
2023-03-21,4002.87,21.38,0.015
2023-03-20,3951.57,24.15,0.015
2023-03-17,3916.64,25.51,0.015
2023-03-16,3960.28,22.99,0.015
2023-03-15,3891.93,26.14,0.015
2023-03-14,3919.29,23.73,0.015
2023-03-13,3855.76,26.52,0.015
2023-03-10,3861.59,24.8,0.015
2023-03-09,3918.32,22.61,0.015
2023-03-08,3992.01,19.11,0.015
2023-03-07,3986.37,19.59,0.015
2023-03-06,4048.42,18.61,0.015
2023-03-03,4045.64,18.49,0.015
2023-03-02,3981.35,19.59,0.015
2023-03-01,3951.39,20.58,0.015
2023-02-28,3970.15,20.7,0.015
2023-02-27,3982.24,20.95,0.015
2023-02-24,3970.04,21.67,0.015
2023-02-23,4012.32,21.14,0.015
2023-02-22,3991.05,22.29,0.015
2023-02-21,3997.34,22.87,0.015
2023-02-17,4079.09,20.02,0.015
2023-02-16,4090.41,20.17,0.015
2023-02-15,4147.6,18.23,0.015
2023-02-14,4136.13,18.91,0.015
2023-02-13,4137.29,20.34,0.015
2023-02-10,4090.46,20.53,0.015
2023-02-09,4081.5,20.71,0.015
2023-02-08,4117.86,19.63,0.015
2023-02-07,4164.0,18.66,0.015
2023-02-06,4111.08,19.43,0.015
2023-02-03,4136.48,18.33,0.015
2023-02-02,4179.76,18.73,0.015
2023-02-01,4119.21,17.87,0.015
2023-01-31,4076.6,19.4,0.015
2023-01-30,4017.77,19.94,0.015
2023-01-27,4070.56,18.51,0.015
2023-01-26,4060.43,18.73,0.015
2023-01-25,4016.22,19.08,0.015
2023-01-24,4016.95,19.2,0.015
2023-01-23,4019.81,19.81,0.015
2023-01-20,3972.61,19.85,0.015
2023-01-19,3898.85,20.52,0.015
2023-01-18,3928.86,20.34,0.015
2023-01-17,3990.97,19.36,0.015
2023-01-13,3999.09,18.35,0.015
2023-01-12,3983.17,18.83,0.015
2023-01-11,3969.61,21.09,0.015
2023-01-10,3919.25,20.58,0.015
2023-01-09,3892.09,21.97,0.015
2023-01-06,3895.08,21.13,0.015
2023-01-05,3808.1,22.46,0.015
2023-01-04,3852.97,22.01,0.015
2023-01-03,3824.14,22.9,0.015
2022-12-30,3839.5,21.67,0.015
2022-12-29,3849.28,21.44,0.015
2022-12-28,3783.22,22.14,0.015
2022-12-27,3829.25,21.65,0.015
2022-12-23,3844.82,20.87,0.015
2022-12-22,3822.39,21.97,0.015
2022-12-21,3878.44,20.07,0.015
2022-12-20,3821.62,21.48,0.015
2022-12-19,3817.66,22.42,0.015
2022-12-16,3852.36,22.62,0.015
2022-12-15,3895.75,22.83,0.015
2022-12-14,3995.32,21.14,0.015
2022-12-13,4019.65,22.55,0.015
2022-12-12,3990.56,25.0,0.015
2022-12-09,3934.38,22.83,0.015
2022-12-08,3963.51,22.29,0.015
2022-12-07,3933.92,22.68,0.015
2022-12-06,3941.26,22.17,0.015
2022-12-05,3998.84,20.75,0.015
2022-12-02,4071.7,19.06,0.015
2022-12-01,4076.57,19.84,0.015
2022-11-30,4080.11,20.58,0.015
2022-11-29,3957.63,21.89,0.015
2022-11-28,3963.94,22.21,0.015
2022-11-25,4026.12,20.5,0.015
2022-11-23,4027.26,20.35,0.015
2022-11-22,4003.58,21.29,0.015
2022-11-21,3949.94,22.36,0.015
2022-11-18,3965.34,23.12,0.015
2022-11-17,3946.56,23.93,0.015
2022-11-16,3958.79,24.11,0.015
2022-11-15,3991.73,24.54,0.015
2022-11-14,3957.25,23.73,0.015
2022-11-11,3992.93,22.52,0.015
2022-11-10,3956.37,23.53,0.015
2022-11-09,3748.57,26.09,0.015
2022-11-08,3828.11,25.54,0.015
2022-11-07,3806.8,24.35,0.015
2022-11-04,3770.55,24.55,0.015
2022-11-03,3719.89,25.3,0.015
2022-11-02,3759.69,25.86,0.015
2022-11-01,3856.1,25.81,0.015
2022-10-31,3871.98,25.88,0.015
2022-10-28,3901.06,25.75,0.015
2022-10-27,3807.3,27.39,0.015
2022-10-26,3830.6,27.28,0.015
2022-10-25,3859.11,28.46,0.015
2022-10-24,3797.34,29.85,0.015
2022-10-21,3752.75,29.69,0.015
2022-10-20,3665.78,29.98,0.015
2022-10-19,3695.16,30.76,0.015
2022-10-18,3719.98,30.5,0.015
2022-10-17,3677.95,31.37,0.015
2022-10-14,3583.07,32.02,0.015
2022-10-13,3669.91,31.94,0.015
2022-10-12,3577.03,33.57,0.015
2022-10-11,3588.84,33.63,0.015
2022-10-10,3612.39,32.45,0.015
2022-10-07,3639.66,31.36,0.015
2022-10-06,3744.52,30.52,0.015
2022-10-05,3783.28,28.55,0.015
2022-10-04,3790.93,29.07,0.015
2022-10-03,3678.43,30.1,0.015
2022-09-30,3585.62,31.62,0.015
2022-09-29,3640.47,31.84,0.015
2022-09-28,3719.04,30.18,0.015
2022-09-27,3647.29,32.6,0.015
2022-09-26,3655.04,32.26,0.015
2022-09-23,3693.23,29.92,0.015
2022-09-22,3757.99,27.35,0.015
2022-09-21,3789.93,27.99,0.015
2022-09-20,3855.93,27.16,0.015
2022-09-19,3899.89,25.76,0.015
2022-09-16,3873.33,26.3,0.015
2022-09-15,3901.35,26.27,0.015
2022-09-14,3946.01,26.16,0.015
2022-09-13,3932.69,27.27,0.015
2022-09-12,4110.41,23.87,0.015
2022-09-09,4067.36,22.79,0.015
2022-09-08,4006.18,23.61,0.015
2022-09-07,3979.87,24.64,0.015
2022-09-06,3908.19,26.91,0.015
2022-09-02,3924.26,25.47,0.015
2022-09-01,3966.85,25.56,0.015
2022-08-31,3955.0,25.87,0.015
2022-08-30,3986.16,26.21,0.015
2022-08-29,4030.61,26.21,0.015
2022-08-26,4057.66,25.56,0.015
2022-08-25,4199.12,21.78,0.015
2022-08-24,4140.77,22.82,0.015
2022-08-23,4128.73,24.11,0.015
2022-08-22,4137.99,23.8,0.015
2022-08-19,4228.48,20.6,0.015
2022-08-18,4283.74,19.56,0.015
2022-08-17,4274.04,19.9,0.015
2022-08-16,4305.2,19.69,0.015
2022-08-15,4297.14,19.95,0.015
2022-08-12,4280.15,19.53,0.015
2022-08-11,4207.27,20.2,0.015
2022-08-10,4210.24,19.74,0.015
2022-08-09,4122.47,21.77,0.015
2022-08-08,4140.06,21.29,0.015
2022-08-05,4145.19,21.15,0.015
2022-08-04,4151.94,21.44,0.015
2022-08-03,4155.17,21.95,0.015
2022-08-02,4091.19,23.93,0.015
2022-08-01,4118.63,22.84,0.015
2022-07-29,4130.29,21.33,0.015
2022-07-28,4072.43,22.33,0.015
2022-07-27,4023.61,23.24,0.015
2022-07-26,3921.05,24.69,0.015
2022-07-25,3966.84,23.36,0.015
2022-07-22,3961.63,23.03,0.015
2022-07-21,3998.95,23.11,0.015
2022-07-20,3959.9,23.88,0.015
2022-07-19,3936.69,24.5,0.015
2022-07-18,3830.85,25.3,0.015
2022-07-15,3863.16,24.23,0.015
2022-07-14,3790.38,26.4,0.015
2022-07-13,3801.78,26.82,0.015
2022-07-12,3818.8,27.29,0.015
2022-07-11,3854.43,26.17,0.015
2022-07-08,3899.38,24.64,0.015
2022-07-07,3902.62,26.08,0.015
2022-07-06,3845.08,26.73,0.015
2022-07-05,3831.39,27.54,0.015
2022-07-01,3825.33,26.7,0.015
2022-06-30,3785.38,28.71,0.015
2022-06-29,3818.83,28.16,0.015
2022-06-28,3821.55,28.36,0.015
2022-06-27,3900.11,26.95,0.015
2022-06-24,3911.74,27.23,0.015
2022-06-23,3795.73,29.05,0.015
2022-06-22,3759.89,28.95,0.015
2022-06-21,3764.79,30.19,0.015
2022-06-17,3674.84,31.13,0.015
2022-06-16,3666.77,32.95,0.015
2022-06-15,3789.99,29.62,0.015
2022-06-14,3735.48,32.69,0.015
2022-06-13,3749.63,34.02,0.015
2022-06-10,3900.86,27.75,0.015
2022-06-09,4017.82,26.09,0.015
2022-06-08,4115.77,23.96,0.015
2022-06-07,4160.68,24.02,0.015
2022-06-06,4121.43,25.07,0.015
2022-06-03,4108.54,24.79,0.015
2022-06-02,4176.82,24.72,0.015
2022-06-01,4101.23,25.69,0.015
2022-05-31,4132.15,26.19,0.015
2022-05-27,4158.24,25.72,0.015
2022-05-26,4057.84,27.5,0.015
2022-05-25,3978.73,28.37,0.015
2022-05-24,3941.48,29.45,0.015
2022-05-23,3973.75,28.48,0.015
2022-05-20,3901.36,29.43,0.015
2022-05-19,3900.79,29.35,0.015
2022-05-18,3923.68,30.96,0.015
2022-05-17,4088.85,26.1,0.015
2022-05-16,4008.01,27.47,0.015
2022-05-13,4023.89,28.87,0.015
2022-05-12,3930.08,31.77,0.015
2022-05-11,3935.18,32.56,0.015
2022-05-10,4001.05,32.99,0.015
2022-05-09,3991.24,34.75,0.015
2022-05-06,4123.34,30.19,0.015
2022-05-05,4146.87,31.2,0.015
2022-05-04,4300.17,25.42,0.015
2022-05-03,4175.48,29.25,0.015
2022-05-02,4155.38,32.34,0.015
2022-04-29,4131.93,33.4,0.015
2022-04-28,4287.5,29.99,0.015
2022-04-27,4183.96,31.6,0.015
2022-04-26,4175.2,33.52,0.015
2022-04-25,4296.12,27.02,0.015
2022-04-22,4271.78,28.21,0.015
2022-04-21,4393.66,22.68,0.015
2022-04-20,4459.45,20.32,0.015
2022-04-19,4462.21,21.37,0.015
2022-04-18,4391.69,22.17,0.015
2022-04-14,4392.59,22.7,0.015
2022-04-13,4446.59,21.82,0.015
2022-04-12,4397.45,24.26,0.015
2022-04-11,4412.53,24.37,0.015
2022-04-08,4488.28,21.16,0.015
2022-04-07,4500.21,21.55,0.015
2022-04-06,4481.15,22.1,0.015
2022-04-05,4525.12,21.03,0.015
2022-04-04,4582.64,18.57,0.015
2022-04-01,4545.86,19.63,0.015
2022-03-31,4530.41,20.56,0.015
2022-03-30,4602.45,19.33,0.015
2022-03-29,4631.6,18.9,0.015
2022-03-28,4575.52,19.63,0.015
2022-03-25,4543.06,20.81,0.015
2022-03-24,4520.16,21.67,0.015
2022-03-23,4456.24,23.57,0.015
2022-03-22,4511.61,22.94,0.015
2022-03-21,4461.18,23.53,0.015
2022-03-18,4463.12,23.87,0.015
2022-03-17,4411.67,25.67,0.015
2022-03-16,4357.86,26.67,0.015
2022-03-15,4262.45,29.83,0.015
2022-03-14,4173.11,31.77,0.015
2022-03-11,4204.31,30.75,0.015
2022-03-10,4259.52,30.23,0.015
2022-03-09,4277.88,32.45,0.015
2022-03-08,4170.7,35.13,0.015
2022-03-07,4201.09,36.45,0.015
2022-03-04,4328.87,31.98,0.015
2022-03-03,4363.49,30.48,0.015
2022-03-02,4386.54,30.74,0.015
2022-03-01,4306.26,33.32,0.015
2022-02-28,4373.94,30.15,0.015
2022-02-25,4384.65,27.59,0.015
2022-02-24,4288.7,30.32,0.015
2022-02-23,4225.5,31.02,0.015
2022-02-22,4304.76,28.81,0.015
2022-02-18,4348.87,27.75,0.015
2022-02-17,4380.26,28.11,0.015
2022-02-16,4475.01,24.29,0.015
2022-02-15,4471.07,25.7,0.015
2022-02-14,4401.67,28.33,0.015
2022-02-11,4418.64,27.36,0.015
2022-02-10,4504.08,23.91,0.015
2022-02-09,4587.18,19.96,0.015
2022-02-08,4521.54,21.44,0.015
2022-02-07,4483.87,22.86,0.015
2022-02-04,4500.53,23.22,0.015
2022-02-03,4477.44,24.35,0.015
2022-02-02,4589.38,22.09,0.015
2022-02-01,4546.54,21.96,0.015
2022-01-31,4515.55,24.83,0.015
2022-01-28,4431.85,27.66,0.015
2022-01-27,4326.51,30.49,0.015
2022-01-26,4349.93,31.96,0.015
2022-01-25,4356.45,31.16,0.015
2022-01-24,4410.13,29.9,0.015
2022-01-21,4397.94,28.85,0.015
2022-01-20,4482.73,25.59,0.015
2022-01-19,4532.76,23.85,0.015
2022-01-18,4577.11,22.79,0.015
2022-01-14,4662.85,19.19,0.015
2022-01-13,4659.03,20.31,0.015
2022-01-12,4726.35,17.62,0.015
2022-01-11,4713.07,18.41,0.015
2022-01-10,4670.29,19.4,0.015
2022-01-07,4677.03,18.76,0.015
2022-01-06,4696.05,19.61,0.015
2022-01-05,4700.58,19.73,0.015
2022-01-04,4793.54,16.91,0.015
2022-01-03,4796.56,16.6,0.015
2021-12-31,4766.18,17.22,0.015
2021-12-30,4778.73,17.33,0.015
2021-12-29,4793.06,16.95,0.015
2021-12-28,4786.35,17.54,0.015
2021-12-27,4791.19,17.68,0.015
2021-12-23,4725.79,17.96,0.015
2021-12-22,4696.56,18.63,0.015
2021-12-21,4649.23,21.01,0.015
2021-12-20,4568.02,22.87,0.015
2021-12-17,4620.64,21.57,0.015
2021-12-16,4668.67,20.57,0.015
2021-12-15,4709.85,19.29,0.015
2021-12-14,4634.09,21.89,0.015
2021-12-13,4668.97,20.31,0.015
2021-12-10,4712.02,18.69,0.015
2021-12-09,4667.45,21.58,0.015
2021-12-08,4701.21,19.9,0.015
2021-12-07,4686.75,21.89,0.015
2021-12-06,4591.67,27.18,0.015
2021-12-03,4538.43,30.67,0.015
2021-12-02,4577.1,27.95,0.015
2021-12-01,4513.04,31.12,0.015
2021-11-30,4567.0,27.19,0.015
2021-11-29,4655.27,22.96,0.015
2021-11-26,4594.62,28.62,0.015
2021-11-24,4701.46,18.58,0.015
2021-11-23,4690.7,19.38,0.015
2021-11-22,4682.94,19.17,0.015
2021-11-19,4697.96,17.91,0.015
2021-11-18,4704.54,17.59,0.015
2021-11-17,4688.67,17.11,0.015
2021-11-16,4700.9,16.37,0.015
2021-11-15,4682.8,16.49,0.015
2021-11-12,4682.85,16.29,0.015
2021-11-11,4649.27,17.66,0.015
2021-11-10,4646.71,18.73,0.015
2021-11-09,4685.25,17.78,0.015
2021-11-08,4701.7,17.22,0.015
2021-11-05,4697.53,16.48,0.015
2021-11-04,4680.06,15.44,0.015
2021-11-03,4660.57,15.1,0.015
2021-11-02,4630.65,16.03,0.015
2021-11-01,4613.67,16.41,0.015
2021-10-29,4605.38,16.26,0.015
2021-10-28,4596.42,16.53,0.015
2021-10-27,4551.68,16.98,0.015
2021-10-26,4574.79,15.98,0.015
2021-10-25,4566.48,15.24,0.015
2021-10-22,4544.9,15.43,0.015
2021-10-21,4549.78,15.01,0.015
2021-10-20,4536.19,15.49,0.015
2021-10-19,4519.63,15.7,0.015
2021-10-18,4486.46,16.31,0.015
2021-10-15,4471.37,16.3,0.015
2021-10-14,4438.26,16.86,0.015
2021-10-13,4363.8,18.64,0.015
2021-10-12,4350.65,19.85,0.015
2021-10-11,4361.19,20.0,0.015
2021-10-08,4391.34,18.77,0.015
2021-10-07,4399.76,19.54,0.015
2021-10-06,4363.55,21.0,0.015
2021-10-05,4345.72,21.3,0.015
2021-10-04,4300.46,22.96,0.015
2021-10-01,4357.04,21.15,0.015
2021-09-30,4307.54,23.14,0.015
2021-09-29,4359.46,22.56,0.015
2021-09-28,4352.63,23.25,0.015
2021-09-27,4443.11,18.76,0.015
2021-09-24,4455.48,17.75,0.015
2021-09-23,4448.98,18.63,0.015
2021-09-22,4395.64,20.87,0.015
2021-09-21,4354.19,24.36,0.015
2021-09-20,4357.73,25.71,0.015
2021-09-17,4432.99,20.81,0.015
2021-09-16,4473.75,18.69,0.015
2021-09-15,4480.7,18.18,0.015
2021-09-14,4443.05,19.46,0.015
2021-09-13,4468.73,19.37,0.015
2021-09-10,4458.58,20.95,0.015
2021-09-09,4493.28,18.8,0.015
2021-09-08,4514.07,17.96,0.015
2021-09-07,4520.03,18.14,0.015
2021-09-03,4535.43,16.41,0.015
2021-09-02,4536.95,16.41,0.015
2021-09-01,4524.09,16.11,0.015
2021-08-31,4522.68,16.48,0.015
2021-08-30,4528.79,16.19,0.015
2021-08-27,4509.37,16.39,0.015
2021-08-26,4470.0,18.84,0.015
2021-08-25,4496.19,16.79,0.015
2021-08-24,4486.23,17.22,0.015
2021-08-23,4479.53,17.15,0.015
2021-08-20,4441.67,18.56,0.015
2021-08-19,4405.8,21.67,0.015
2021-08-18,4400.27,21.57,0.015
2021-08-17,4448.08,17.91,0.015
2021-08-16,4479.71,16.12,0.015
2021-08-13,4468.0,15.45,0.015
2021-08-12,4460.83,15.59,0.015
2021-08-11,4442.41,16.06,0.015
2021-08-10,4436.75,16.79,0.015
2021-08-09,4432.35,16.72,0.015
2021-08-06,4436.52,16.15,0.015
2021-08-05,4429.1,17.28,0.015
2021-08-04,4402.66,17.97,0.015
2021-08-03,4423.15,18.04,0.015
2021-08-02,4387.16,19.46,0.015
2021-07-30,4395.26,18.24,0.015
2021-07-29,4419.15,17.7,0.015
2021-07-28,4400.64,18.31,0.015
2021-07-27,4401.46,19.36,0.015
2021-07-26,4422.3,17.58,0.015
2021-07-23,4411.79,17.2,0.015
2021-07-22,4367.48,17.69,0.015
2021-07-21,4358.69,17.91,0.015
2021-07-20,4323.06,19.73,0.015
2021-07-19,4258.49,22.5,0.015
2021-07-16,4327.16,18.45,0.015
2021-07-15,4360.03,17.01,0.015
2021-07-14,4374.3,16.33,0.015
2021-07-13,4369.21,17.12,0.015
2021-07-12,4384.63,16.17,0.015
2021-07-09,4369.55,16.18,0.015
2021-07-08,4320.82,19.0,0.015
2021-07-07,4358.13,16.2,0.015
2021-07-06,4343.54,16.44,0.015
2021-07-02,4352.34,15.07,0.015
2021-07-01,4319.94,15.48,0.015
2021-06-30,4297.5,15.83,0.015
2021-06-29,4291.8,16.02,0.015
2021-06-28,4290.61,15.76,0.015
2021-06-25,4280.7,15.62,0.015
2021-06-24,4266.49,15.97,0.015
2021-06-23,4241.84,16.32,0.015
2021-06-22,4246.44,16.66,0.015
2021-06-21,4224.79,17.89,0.015
2021-06-18,4166.45,20.7,0.015
2021-06-17,4221.86,17.75,0.015
2021-06-16,4223.7,18.15,0.015
2021-06-15,4246.59,17.02,0.015
2021-06-14,4255.15,16.39,0.015
2021-06-11,4247.44,15.65,0.015
2021-06-10,4239.18,16.1,0.015
2021-06-09,4219.55,17.89,0.015
2021-06-08,4227.26,17.07,0.015
2021-06-07,4226.52,16.42,0.015
2021-06-04,4229.89,16.42,0.015
2021-06-03,4192.85,18.04,0.015
2021-06-02,4208.12,17.48,0.015
2021-06-01,4202.04,17.9,0.015
2021-05-28,4204.11,16.76,0.015
2021-05-27,4200.88,16.74,0.015
2021-05-26,4195.99,17.36,0.015
2021-05-25,4188.13,18.84,0.015
2021-05-24,4197.05,18.4,0.015
2021-05-21,4155.86,20.15,0.015
2021-05-20,4159.12,20.67,0.015
2021-05-19,4115.68,22.18,0.015
2021-05-18,4127.83,21.34,0.015
2021-05-17,4163.29,19.72,0.015
2021-05-14,4173.85,18.81,0.015
2021-05-13,4112.5,23.13,0.015
2021-05-12,4063.04,27.59,0.015
2021-05-11,4152.1,21.84,0.015
2021-05-10,4188.43,19.66,0.015
2021-05-07,4232.6,16.69,0.015
2021-05-06,4201.62,18.39,0.015
2021-05-05,4167.59,19.15,0.015
2021-05-04,4164.66,19.48,0.015
2021-05-03,4192.66,18.31,0.015
2021-04-30,4181.17,18.61,0.015
2021-04-29,4211.47,17.61,0.015
2021-04-28,4183.18,17.28,0.015
2021-04-27,4186.72,17.56,0.015
2021-04-26,4187.62,17.64,0.015
2021-04-23,4180.17,17.33,0.015
2021-04-22,4134.98,18.71,0.015
2021-04-21,4173.42,17.5,0.015
2021-04-20,4134.94,18.68,0.015
2021-04-19,4163.26,17.29,0.015
2021-04-16,4185.47,16.25,0.015
2021-04-15,4170.42,16.57,0.015
2021-04-14,4124.66,16.99,0.015
2021-04-13,4141.59,16.65,0.015
2021-04-12,4127.99,16.91,0.015
2021-04-09,4128.8,16.69,0.015
2021-04-08,4097.17,16.95,0.015
2021-04-07,4079.95,17.16,0.015
2021-04-06,4073.94,18.12,0.015
2021-04-05,4077.91,17.91,0.015
2021-04-01,4019.87,17.33,0.015
2021-03-31,3972.89,19.4,0.015
2021-03-30,3958.55,19.61,0.015
2021-03-29,3971.09,20.74,0.015
2021-03-26,3974.54,18.86,0.015
2021-03-25,3909.52,19.81,0.015
2021-03-24,3889.14,21.2,0.015
2021-03-23,3910.52,20.3,0.015
2021-03-22,3940.59,18.88,0.015
2021-03-19,3913.1,20.95,0.015
2021-03-18,3915.46,21.58,0.015
2021-03-17,3974.12,19.23,0.015
2021-03-16,3962.71,19.79,0.015
2021-03-15,3968.94,20.03,0.015
2021-03-12,3943.34,20.69,0.015
2021-03-11,3939.34,21.91,0.015
2021-03-10,3898.81,22.56,0.015
2021-03-09,3875.44,24.03,0.015
2021-03-08,3821.35,25.47,0.015
2021-03-05,3841.94,24.66,0.015
2021-03-04,3768.47,28.57,0.015
2021-03-03,3819.72,26.67,0.015
2021-03-02,3870.29,24.1,0.015
2021-03-01,3901.82,23.35,0.015
2021-02-26,3811.15,27.95,0.015
2021-02-25,3829.34,28.89,0.015
2021-02-24,3925.43,21.34,0.015
2021-02-23,3881.37,23.11,0.015
2021-02-22,3876.5,23.45,0.015
2021-02-19,3906.71,22.05,0.015
2021-02-18,3913.97,22.49,0.015
2021-02-17,3931.33,21.5,0.015
2021-02-16,3932.59,21.46,0.015
2021-02-12,3934.83,19.97,0.015
2021-02-11,3916.38,21.25,0.015
2021-02-10,3909.88,21.99,0.015
2021-02-09,3911.23,21.63,0.015
2021-02-08,3915.59,21.24,0.015
2021-02-05,3886.83,20.87,0.015
2021-02-04,3871.74,21.77,0.015
2021-02-03,3830.17,22.91,0.015
2021-02-02,3826.31,25.56,0.015
2021-02-01,3773.86,30.24,0.015
2021-01-29,3714.24,33.09,0.015
2021-01-28,3787.38,30.21,0.015
2021-01-27,3750.77,37.21,0.015
2021-01-26,3849.62,23.02,0.015
2021-01-25,3855.36,23.19,0.015
2021-01-22,3841.47,21.91,0.015
2021-01-21,3853.07,21.32,0.015
2021-01-20,3851.85,21.58,0.015
2021-01-19,3798.91,23.24,0.015
2021-01-15,3768.25,24.34,0.015
2021-01-14,3795.54,23.25,0.015
2021-01-13,3809.84,22.21,0.015
2021-01-12,3801.19,23.33,0.015
2021-01-11,3799.61,24.08,0.015
2021-01-08,3824.68,21.56,0.015
2021-01-07,3803.79,22.37,0.015
2021-01-06,3748.14,25.07,0.015
2021-01-05,3726.86,25.34,0.015
2021-01-04,3700.65,26.97,0.015
2020-12-31,3756.07,22.75,0.015
2020-12-30,3732.04,22.77,0.015
2020-12-29,3727.04,23.08,0.015
2020-12-28,3735.36,21.7,0.015
2020-12-24,3703.06,21.53,0.015
2020-12-23,3690.01,23.31,0.015
2020-12-22,3687.26,24.23,0.015
2020-12-21,3694.92,25.16,0.015
2020-12-18,3709.41,21.57,0.015
2020-12-17,3722.48,21.93,0.015
2020-12-16,3701.17,22.5,0.015
2020-12-15,3694.62,22.89,0.015
2020-12-14,3647.49,24.72,0.015
2020-12-11,3663.46,23.31,0.015
2020-12-10,3668.1,22.52,0.015
2020-12-09,3672.82,22.27,0.015
2020-12-08,3702.25,20.68,0.015
2020-12-07,3691.96,21.3,0.015
2020-12-04,3699.12,20.79,0.015
2020-12-03,3666.72,21.28,0.015
2020-12-02,3669.01,21.17,0.015
2020-12-01,3662.45,20.77,0.015
2020-11-30,3621.63,20.57,0.015
2020-11-27,3638.35,20.84,0.015
2020-11-25,3629.65,21.25,0.015
2020-11-24,3635.41,21.64,0.015
2020-11-23,3577.59,22.66,0.015
2020-11-20,3557.54,23.7,0.015
2020-11-19,3581.87,23.11,0.015
2020-11-18,3567.79,23.84,0.015
2020-11-17,3609.53,22.71,0.015
2020-11-16,3626.91,22.45,0.015
2020-11-13,3585.15,23.1,0.015
2020-11-12,3537.01,25.35,0.015
2020-11-11,3572.66,23.45,0.015
2020-11-10,3545.53,24.8,0.015
2020-11-09,3550.5,25.75,0.015
2020-11-06,3509.44,24.86,0.015
2020-11-05,3510.45,27.58,0.015
2020-11-04,3443.44,29.57,0.015
2020-11-03,3369.16,35.55,0.015
2020-11-02,3310.24,37.13,0.015
2020-10-30,3269.96,38.02,0.015
2020-10-29,3310.11,37.59,0.015
2020-10-28,3271.03,40.28,0.015
2020-10-27,3390.68,33.35,0.015
2020-10-26,3400.97,32.46,0.015
2020-10-23,3465.39,27.55,0.015
2020-10-22,3453.49,28.11,0.015
2020-10-21,3435.56,28.65,0.015
2020-10-20,3443.12,29.35,0.015
2020-10-19,3426.92,29.18,0.015
2020-10-16,3483.81,27.41,0.015
2020-10-15,3483.34,26.97,0.015
2020-10-14,3488.67,26.4,0.015
2020-10-13,3511.93,26.07,0.015
2020-10-12,3534.22,25.07,0.015
2020-10-09,3477.14,25.0,0.015
2020-10-08,3446.83,26.36,0.015
2020-10-07,3419.44,28.06,0.015
2020-10-06,3360.97,29.48,0.015
2020-10-05,3408.6,27.96,0.015
2020-10-02,3348.42,27.63,0.015
2020-10-01,3380.8,26.7,0.015
2020-09-30,3363.0,26.37,0.015
2020-09-29,3335.47,26.27,0.015
2020-09-28,3351.6,26.19,0.015
2020-09-25,3298.46,26.38,0.015
2020-09-24,3246.59,28.51,0.015
2020-09-23,3236.92,28.58,0.015
2020-09-22,3315.57,26.86,0.015
2020-09-21,3281.06,27.78,0.015
2020-09-18,3319.47,25.83,0.015
2020-09-17,3357.01,26.46,0.015
2020-09-16,3385.49,26.04,0.015
2020-09-15,3401.2,25.59,0.015
2020-09-14,3383.54,25.85,0.015
2020-09-11,3340.97,26.87,0.015
2020-09-10,3339.19,29.71,0.015
2020-09-09,3398.96,28.81,0.015
2020-09-08,3331.84,31.46,0.015
2020-09-04,3426.96,30.75,0.015
2020-09-03,3455.06,33.6,0.015
2020-09-02,3580.84,26.57,0.015
2020-09-01,3526.65,26.12,0.015
2020-08-31,3500.31,26.41,0.015
2020-08-28,3508.01,22.96,0.015
2020-08-27,3484.55,24.47,0.015
2020-08-26,3478.73,23.27,0.015
2020-08-25,3443.62,22.03,0.015
2020-08-24,3431.28,22.37,0.015
2020-08-21,3397.16,22.54,0.015
2020-08-20,3385.51,22.72,0.015
2020-08-19,3374.85,22.54,0.015
2020-08-18,3389.78,21.51,0.015
2020-08-17,3381.99,21.35,0.015
2020-08-14,3372.85,22.05,0.015
2020-08-13,3373.43,22.13,0.015
2020-08-12,3380.35,22.28,0.015
2020-08-11,3333.69,24.03,0.015
2020-08-10,3360.47,22.13,0.015
2020-08-07,3351.28,22.21,0.015
2020-08-06,3349.16,22.65,0.015
2020-08-05,3327.77,22.99,0.015
2020-08-04,3306.51,23.76,0.015
2020-08-03,3294.61,24.28,0.015
2020-07-31,3271.12,24.46,0.015
2020-07-30,3246.22,24.76,0.015
2020-07-29,3258.44,24.1,0.015
2020-07-28,3218.44,25.44,0.015
2020-07-27,3239.41,24.74,0.015
2020-07-24,3215.63,25.84,0.015
2020-07-23,3235.66,26.08,0.015
2020-07-22,3276.02,24.32,0.015
2020-07-21,3257.3,24.84,0.015
2020-07-20,3251.84,24.46,0.015
2020-07-17,3224.73,25.68,0.015
2020-07-16,3215.57,28.0,0.015
2020-07-15,3226.56,27.76,0.015
2020-07-14,3197.52,29.52,0.015
2020-07-13,3155.22,32.19,0.015
2020-07-10,3185.04,27.29,0.015
2020-07-09,3152.05,29.26,0.015
2020-07-08,3169.94,28.08,0.015
2020-07-07,3145.32,29.43,0.015
2020-07-06,3179.72,27.94,0.015
2020-07-02,3130.01,27.68,0.015
2020-07-01,3115.86,28.62,0.015
2020-06-30,3100.29,30.43,0.015
2020-06-29,3053.24,31.78,0.015
2020-06-26,3009.05,34.73,0.015
2020-06-25,3083.76,32.22,0.015
2020-06-24,3050.33,33.84,0.015
2020-06-23,3131.29,31.37,0.015
2020-06-22,3117.86,31.77,0.015
2020-06-19,3097.74,35.12,0.015
2020-06-18,3115.34,32.94,0.015
2020-06-17,3113.49,33.47,0.015
2020-06-16,3124.74,33.67,0.015
2020-06-15,3066.59,34.4,0.015
2020-06-12,3041.31,36.09,0.015
2020-06-11,3002.1,40.79,0.015
2020-06-10,3190.14,27.57,0.015
2020-06-09,3207.18,27.57,0.015
2020-06-08,3232.39,25.81,0.015
2020-06-05,3193.93,24.52,0.015
2020-06-04,3112.35,25.81,0.015
2020-06-03,3122.87,25.66,0.015
2020-06-02,3080.82,26.84,0.015
2020-06-01,3055.73,28.23,0.015
2020-05-29,3044.31,27.51,0.015
2020-05-28,3029.73,28.59,0.015
2020-05-27,3036.13,27.62,0.015
2020-05-26,2991.77,28.01,0.015
2020-05-22,2955.45,28.16,0.015
2020-05-21,2948.51,29.53,0.015
2020-05-20,2971.61,27.99,0.015
2020-05-19,2922.94,30.53,0.015
2020-05-18,2953.91,29.3,0.015
2020-05-15,2863.7,31.89,0.015
2020-05-14,2852.5,32.61,0.015
2020-05-13,2820.0,35.28,0.015
2020-05-12,2870.12,33.04,0.015
2020-05-11,2930.19,27.57,0.015
2020-05-08,2929.8,27.98,0.015
2020-05-07,2881.19,31.44,0.015
2020-05-06,2848.42,34.12,0.015
2020-05-05,2868.44,33.61,0.015
2020-05-04,2842.74,35.97,0.015
2020-05-01,2830.71,37.19,0.015
2020-04-30,2912.43,34.15,0.015
2020-04-29,2939.51,31.23,0.015
2020-04-28,2863.39,33.57,0.015
2020-04-27,2878.48,33.29,0.015
2020-04-24,2836.74,35.93,0.015
2020-04-23,2797.8,41.38,0.015
2020-04-22,2799.31,41.98,0.015
2020-04-21,2736.56,45.41,0.015
2020-04-20,2823.16,43.83,0.015
2020-04-17,2874.56,38.15,0.015
2020-04-16,2799.55,40.11,0.015
2020-04-15,2783.36,40.84,0.015
2020-04-14,2846.06,37.76,0.015
2020-04-13,2761.63,41.17,0.015
2020-04-09,2789.82,41.67,0.015
2020-04-08,2749.98,43.35,0.015
2020-04-07,2659.41,46.7,0.015
2020-04-06,2663.68,45.24,0.015
2020-04-03,2488.65,46.8,0.015
2020-04-02,2526.9,50.91,0.015
2020-04-01,2470.5,57.06,0.015
2020-03-31,2584.59,53.54,0.015
2020-03-30,2626.65,57.08,0.015
2020-03-27,2541.47,65.54,0.015
2020-03-26,2630.07,61.0,0.015
2020-03-25,2475.56,63.95,0.015
2020-03-24,2447.33,61.67,0.015
2020-03-23,2237.4,61.59,0.015
2020-03-20,2304.92,66.04,0.015
2020-03-19,2409.39,72.0,0.015
2020-03-18,2398.1,76.45,0.015
2020-03-17,2529.19,75.91,0.015
2020-03-16,2386.13,82.69,0.015
2020-03-13,2711.02,57.83,0.015
2020-03-12,2480.64,75.47,0.015
2020-03-11,2741.38,53.9,0.015
2020-03-10,2882.23,47.3,0.015
2020-03-09,2746.56,54.46,0.015
2020-03-06,2972.37,41.94,0.015
2020-03-05,3023.94,39.62,0.015
2020-03-04,3130.12,31.99,0.015
2020-03-03,3003.37,36.82,0.015
2020-03-02,3090.23,33.42,0.015
2020-02-28,2954.22,40.11,0.015
2020-02-27,2978.76,39.16,0.015
2020-02-26,3116.39,27.56,0.015
2020-02-25,3128.21,27.85,0.015
2020-02-24,3225.89,25.03,0.015
2020-02-21,3337.75,17.08,0.015
2020-02-20,3373.23,15.56,0.015
2020-02-19,3386.15,14.38,0.015
2020-02-18,3370.29,14.83,0.015
2020-02-14,3380.16,13.68,0.015
2020-02-13,3373.94,14.15,0.015
2020-02-12,3379.45,13.74,0.015
2020-02-11,3357.75,15.18,0.015
2020-02-10,3352.09,15.04,0.015
2020-02-07,3327.71,15.47,0.015
2020-02-06,3345.78,14.96,0.015
2020-02-05,3334.69,15.15,0.015
2020-02-04,3297.59,16.05,0.015
2020-02-03,3248.92,17.97,0.015
2020-01-31,3225.52,18.84,0.015
2020-01-30,3283.66,15.49,0.015
2020-01-29,3273.4,16.39,0.015
2020-01-28,3276.24,16.28,0.015
2020-01-27,3243.63,18.23,0.015
2020-01-24,3295.47,14.56,0.015
2020-01-23,3325.54,12.98,0.015
2020-01-22,3321.75,12.91,0.015
2020-01-21,3320.79,12.85,0.015
2020-01-17,3329.62,12.1,0.015
2020-01-16,3316.81,12.32,0.015
2020-01-15,3289.29,12.42,0.015
2020-01-14,3283.15,12.39,0.015
2020-01-13,3288.13,12.32,0.015
2020-01-10,3265.35,12.56,0.015
2020-01-09,3274.7,12.54,0.015
2020-01-08,3253.05,13.45,0.015
2020-01-07,3237.18,13.79,0.015
2020-01-06,3246.28,13.85,0.015
2020-01-03,3234.85,14.02,0.015
2020-01-02,3257.85,12.47,0.015
2019-12-31,3230.78,13.78,0.015
2019-12-30,3221.29,14.82,0.015
2019-12-27,3240.02,13.43,0.015
2019-12-26,3239.91,12.65,0.015
2019-12-24,3223.38,12.67,0.015
2019-12-23,3224.01,12.61,0.015
2019-12-20,3221.22,12.51,0.015
2019-12-19,3205.37,12.5,0.015
2019-12-18,3191.14,12.58,0.015
2019-12-17,3192.52,12.29,0.015
2019-12-16,3191.45,12.14,0.015
2019-12-13,3168.8,12.63,0.015
2019-12-12,3168.57,13.94,0.015
2019-12-11,3141.63,14.99,0.015
2019-12-10,3132.52,15.68,0.015
2019-12-09,3135.96,15.86,0.015
2019-12-06,3145.91,13.62,0.015
2019-12-05,3117.43,14.52,0.015
2019-12-04,3112.76,14.8,0.015
2019-12-03,3093.2,15.96,0.015
2019-12-02,3113.87,14.91,0.015
2019-11-29,3140.98,12.62,0.015
2019-11-27,3153.63,11.75,0.015
2019-11-26,3140.52,11.54,0.015
2019-11-25,3133.64,11.87,0.015
2019-11-22,3110.29,12.34,0.015
2019-11-21,3103.54,13.13,0.015
2019-11-20,3108.46,12.78,0.015
2019-11-19,3120.18,12.86,0.015
2019-11-18,3122.03,12.46,0.015
2019-11-15,3120.46,12.05,0.015
2019-11-14,3096.63,13.05,0.015
2019-11-13,3094.04,13.0,0.015
2019-11-12,3091.84,12.68,0.015
2019-11-11,3087.01,12.69,0.015
2019-11-08,3093.08,12.07,0.015
2019-11-07,3085.18,12.73,0.015
2019-11-06,3076.78,12.62,0.015
2019-11-05,3074.62,13.1,0.015
2019-11-04,3078.27,12.83,0.015
2019-11-01,3066.91,12.3,0.015
2019-10-31,3037.56,13.22,0.015
2019-10-30,3046.77,12.33,0.015
2019-10-29,3036.89,13.2,0.015
2019-10-28,3039.42,13.11,0.015
2019-10-25,3022.55,12.65,0.015
2019-10-24,3010.29,13.71,0.015
2019-10-23,3004.52,14.01,0.015
2019-10-22,2995.99,14.46,0.015
2019-10-21,3006.72,14.0,0.015
2019-10-18,2986.2,14.25,0.015
2019-10-17,2997.95,13.79,0.015
2019-10-16,2989.69,13.68,0.015
2019-10-15,2995.68,13.54,0.015
2019-10-14,2966.15,14.57,0.015
2019-10-11,2970.27,15.58,0.015
2019-10-10,2938.13,17.57,0.015
2019-10-09,2919.4,18.64,0.015
2019-10-08,2893.06,20.28,0.015
2019-10-07,2938.79,17.86,0.015
2019-10-04,2952.01,17.04,0.015
2019-10-03,2910.63,19.12,0.015
2019-10-02,2887.61,20.56,0.015
2019-10-01,2940.25,18.56,0.015
2019-09-30,2976.74,16.24,0.015
2019-09-27,2961.79,17.22,0.015
2019-09-26,2977.62,16.07,0.015
2019-09-25,2984.87,15.96,0.015
2019-09-24,2966.6,17.05,0.015
2019-09-23,2991.78,14.91,0.015
2019-09-20,2992.07,15.32,0.015
2019-09-19,3006.79,14.05,0.015
2019-09-18,3006.73,13.95,0.015
2019-09-17,3005.7,14.44,0.015
2019-09-16,2997.96,14.67,0.015
2019-09-13,3007.39,13.74,0.015
2019-09-12,3009.57,14.22,0.015
2019-09-11,3000.93,14.61,0.015
2019-09-10,2979.39,15.2,0.015
2019-09-09,2978.43,15.27,0.015
2019-09-06,2978.71,15.0,0.015
2019-09-05,2976.0,16.27,0.015
2019-09-04,2937.78,17.33,0.015
2019-09-03,2906.27,19.66,0.015
2019-08-30,2926.46,18.98,0.015
2019-08-29,2924.58,17.88,0.015
2019-08-28,2887.94,19.35,0.015
2019-08-27,2869.16,20.31,0.015
2019-08-26,2878.38,19.32,0.015
2019-08-23,2847.11,19.87,0.015
2019-08-22,2922.95,16.68,0.015
2019-08-21,2924.43,15.8,0.015
2019-08-20,2900.51,17.5,0.015
2019-08-19,2923.65,16.88,0.015
2019-08-16,2888.68,18.47,0.015
2019-08-15,2847.6,21.18,0.015
2019-08-14,2840.6,22.1,0.015
2019-08-13,2926.32,17.52,0.015
2019-08-12,2882.7,21.09,0.015
2019-08-09,2918.65,17.97,0.015
2019-08-08,2938.09,16.91,0.015
2019-08-07,2883.98,19.49,0.015
2019-08-06,2881.77,20.17,0.015
2019-08-05,2844.74,24.59,0.015
2019-08-02,2932.05,17.61,0.015
2019-08-01,2953.56,17.87,0.015
2019-07-31,2980.38,16.12,0.015
2019-07-30,3013.18,13.94,0.015
2019-07-29,3020.97,12.83,0.015
2019-07-26,3025.86,12.16,0.015
2019-07-25,3003.67,12.74,0.015
2019-07-24,3019.56,12.07,0.015
2019-07-23,3005.47,12.61,0.015
2019-07-22,2985.03,13.53,0.015
2019-07-19,2976.61,14.45,0.015
2019-07-18,2995.11,13.53,0.015
2019-07-17,2984.42,13.97,0.015
2019-07-16,3004.04,12.86,0.015
2019-07-15,3014.3,12.68,0.015
2019-07-12,3013.77,12.39,0.015
2019-07-11,2999.91,12.93,0.015
2019-07-10,2993.07,13.03,0.015
2019-07-09,2979.63,14.09,0.015
2019-07-08,2975.95,13.96,0.015
2019-07-05,2990.41,13.28,0.015
2019-07-03,2995.82,12.57,0.015
2019-07-02,2973.01,12.93,0.015
2019-07-01,2964.33,14.06,0.015
2019-06-28,2941.76,15.08,0.015
2019-06-27,2924.92,15.82,0.015
2019-06-26,2913.78,16.21,0.015
2019-06-25,2917.38,16.28,0.015
2019-06-24,2945.35,15.26,0.015
2019-06-21,2950.46,15.4,0.015
2019-06-20,2954.18,14.75,0.015
2019-06-19,2926.46,14.33,0.015
2019-06-18,2917.75,15.15,0.015
2019-06-17,2889.67,15.35,0.015
2019-06-14,2886.98,15.28,0.015
2019-06-13,2891.64,15.82,0.015
2019-06-12,2879.84,15.91,0.015
2019-06-11,2885.72,15.99,0.015
2019-06-10,2886.73,15.94,0.015
2019-06-07,2873.34,16.3,0.015
2019-06-06,2843.49,15.93,0.015
2019-06-05,2826.15,16.09,0.015
2019-06-04,2803.27,16.97,0.015
2019-06-03,2744.45,18.86,0.015
2019-05-31,2752.06,18.71,0.015
2019-05-30,2788.86,17.3,0.015
2019-05-29,2783.02,17.9,0.015
2019-05-28,2802.39,17.5,0.015
2019-05-24,2826.06,15.85,0.015
2019-05-23,2822.24,16.92,0.015
2019-05-22,2856.27,14.75,0.015
2019-05-21,2864.36,14.95,0.015
2019-05-20,2840.23,16.31,0.015
2019-05-17,2859.53,15.96,0.015
2019-05-16,2876.32,15.29,0.015
2019-05-15,2850.96,16.44,0.015
2019-05-14,2834.41,18.06,0.015
2019-05-13,2811.87,20.55,0.015
2019-05-10,2881.4,16.04,0.015
2019-05-09,2870.72,19.1,0.015
2019-05-08,2879.42,19.4,0.015
2019-05-07,2884.05,19.32,0.015
2019-05-06,2932.47,15.44,0.015
2019-05-03,2945.64,12.87,0.015
2019-05-02,2917.52,14.42,0.015
2019-05-01,2923.73,14.8,0.015
2019-04-30,2945.83,13.12,0.015
2019-04-29,2943.03,13.11,0.015
2019-04-26,2939.88,12.73,0.015
2019-04-25,2926.17,13.25,0.015
2019-04-24,2927.25,13.14,0.015
2019-04-23,2933.68,12.28,0.015
2019-04-22,2907.97,12.42,0.015
2019-04-18,2905.03,12.09,0.015
2019-04-17,2900.45,12.6,0.015
2019-04-16,2907.06,12.18,0.015
2019-04-15,2905.58,12.32,0.015
2019-04-12,2907.41,12.01,0.015
2019-04-11,2888.32,13.02,0.015
2019-04-10,2888.21,13.3,0.015
2019-04-09,2878.2,14.28,0.015
2019-04-08,2895.77,13.18,0.015
2019-04-05,2892.74,12.82,0.015
2019-04-04,2879.39,13.58,0.015
2019-04-03,2873.4,13.74,0.015
2019-04-02,2867.24,13.36,0.015
2019-04-01,2867.19,13.4,0.015
2019-03-29,2834.4,13.71,0.015
2019-03-28,2815.44,14.43,0.015
2019-03-27,2805.37,15.15,0.015
2019-03-26,2818.46,14.68,0.015
2019-03-25,2798.36,16.33,0.015
2019-03-22,2800.71,16.48,0.015
2019-03-21,2854.88,13.63,0.015
2019-03-20,2824.23,13.91,0.015
2019-03-19,2832.57,13.56,0.015
2019-03-18,2832.94,13.1,0.015
2019-03-15,2822.48,12.88,0.015
2019-03-14,2808.48,13.5,0.015
2019-03-13,2810.92,13.41,0.015
2019-03-12,2791.52,13.77,0.015
2019-03-11,2783.3,14.33,0.015
2019-03-08,2743.07,16.05,0.015
2019-03-07,2748.93,16.59,0.015
2019-03-06,2771.45,15.74,0.015
2019-03-05,2789.65,14.74,0.015
2019-03-04,2792.81,14.63,0.015
2019-03-01,2803.69,13.57,0.015
2019-02-28,2784.49,14.78,0.015
2019-02-27,2792.38,14.7,0.015
2019-02-26,2793.9,15.17,0.015
2019-02-25,2796.11,14.85,0.015
2019-02-22,2792.67,13.51,0.015
2019-02-21,2774.88,14.46,0.015
2019-02-20,2784.7,14.02,0.015
2019-02-19,2779.76,14.88,0.015
2019-02-15,2775.6,14.91,0.015
2019-02-14,2745.73,16.22,0.015
2019-02-13,2753.03,15.65,0.015
2019-02-12,2744.73,15.43,0.015
2019-02-11,2709.8,15.97,0.015
2019-02-08,2707.88,15.72,0.015
2019-02-07,2706.05,16.37,0.015
2019-02-06,2731.61,15.38,0.015
2019-02-05,2737.7,15.57,0.015
2019-02-04,2724.87,15.73,0.015
2019-02-01,2706.53,16.14,0.015
2019-01-31,2704.1,16.57,0.015
2019-01-30,2681.05,17.66,0.015
2019-01-29,2640.0,19.13,0.015
2019-01-28,2643.85,18.87,0.015
2019-01-25,2664.76,17.42,0.015
2019-01-24,2642.33,18.89,0.015
2019-01-23,2638.7,19.52,0.015
2019-01-22,2632.9,20.8,0.015
2019-01-18,2670.71,17.8,0.015
2019-01-17,2635.96,18.06,0.015
2019-01-16,2616.1,19.04,0.015
2019-01-15,2610.3,18.6,0.015
2019-01-14,2582.61,19.07,0.015
2019-01-11,2596.26,18.19,0.015
2019-01-10,2596.64,19.5,0.015
2019-01-09,2584.96,19.98,0.015
2019-01-08,2574.41,20.47,0.015
2019-01-07,2549.69,21.4,0.015
2019-01-04,2531.94,21.38,0.015
2019-01-03,2447.89,25.45,0.015
2019-01-02,2510.03,23.22,0.015
